nation	collisionFirstFoundUnix	master1	sheet1	master2	sheet2
dorti_saingsmeistan	1788072185	aerilia	9003's Sheet	moristia	9003's Sheet, Rot's Sheet
holy_armiell	1788072185	aerilia	9003's Sheet	moristia	9003's Sheet, Rot's Sheet
nuqneh	1788072185	aerilia	9003's Sheet	moristia	9003's Sheet, Rot's Sheet
the_motiona	1788072185	aerilia	9003's Sheet	moristia	9003's Sheet, Rot's Sheet
delhinmar	1788448891	altys	Rot's Sheet	vantha	9003's Sheet
the_princesses	1788072185	axixic	9003's Sheet	new_makasta	9003's Sheet, Rot's Sheet
100th_keltan_infantry_brigade	1788072185	clton	Rot's Regex Sheet	wiblingen_monastery_library	9003's Sheet
10th_keltan_infantry_brigade	1788072185	clton	Rot's Regex Sheet	wiblingen_monastery_library	9003's Sheet
11th_keltan_infantry_brigade	1788072185	clton	Rot's Regex Sheet	wiblingen_monastery_library	9003's Sheet
12th_keltan_infantry_brigade	1788072185	clton	Rot's Regex Sheet	wiblingen_monastery_library	9003's Sheet
13th_keltan_infantry_brigade	1788072185	clton	Rot's Regex Sheet	wiblingen_monastery_library	9003's Sheet
14th_keltan_infantry_brigade	1788072185	clton	Rot's Regex Sheet	wiblingen_monastery_library	9003's Sheet
15th_keltan_infantry_brigade	1788072185	clton	Rot's Regex Sheet	wiblingen_monastery_library	9003's Sheet
16th_keltan_infantry_brigade	1788072185	clton	Rot's Regex Sheet	wiblingen_monastery_library	9003's Sheet
17th_keltan_infantry_brigade	1788072185	clton	Rot's Regex Sheet	wiblingen_monastery_library	9003's Sheet
18th_keltan_infantry_brigade	1788072185	clton	Rot's Regex Sheet	wiblingen_monastery_library	9003's Sheet
19th_keltan_infantry_brigade	1788072185	clton	Rot's Regex Sheet	wiblingen_monastery_library	9003's Sheet
1st_keltan_infantry_brigade	1788072185	clton	Rot's Regex Sheet	wiblingen_monastery_library	9003's Sheet
1st_keltan_intel_group	1788072185	clton	Rot's Regex Sheet	wiblingen_monastery_library	9003's Sheet
20th_keltan_infantry_brigade	1788072185	clton	Rot's Regex Sheet	wiblingen_monastery_library	9003's Sheet
21st_keltan_infantry_brigade	1788072185	clton	Rot's Regex Sheet	wiblingen_monastery_library	9003's Sheet
22nd_keltan_infantry_brigade	1788072185	clton	Rot's Regex Sheet	wiblingen_monastery_library	9003's Sheet
23rd_keltan_infantry_brigade	1788072185	clton	Rot's Regex Sheet	wiblingen_monastery_library	9003's Sheet
24th_keltan_infantry_brigade	1788072185	clton	Rot's Regex Sheet	wiblingen_monastery_library	9003's Sheet
25th_keltan_infantry_brigade	1788072185	clton	Rot's Regex Sheet	wiblingen_monastery_library	9003's Sheet
26th_keltan_infantry_brigade	1788072185	clton	Rot's Regex Sheet	wiblingen_monastery_library	9003's Sheet
27th_keltan_infantry_brigade	1788072185	clton	Rot's Regex Sheet	wiblingen_monastery_library	9003's Sheet
28th_keltan_infantry_brigade	1788072185	clton	Rot's Regex Sheet	wiblingen_monastery_library	9003's Sheet
29th_keltan_infantry_brigade	1788072185	clton	Rot's Regex Sheet	wiblingen_monastery_library	9003's Sheet
2nd_keltan_infantry_brigade	1788072185	clton	Rot's Regex Sheet	wiblingen_monastery_library	9003's Sheet
2nd_keltan_intel_group	1788072185	clton	Rot's Regex Sheet	wiblingen_monastery_library	9003's Sheet
30th_keltan_infantry_brigade	1788072185	clton	Rot's Regex Sheet	wiblingen_monastery_library	9003's Sheet
31st_keltan_infantry_brigade	1788072185	clton	Rot's Regex Sheet	wiblingen_monastery_library	9003's Sheet
32nd_keltan_infantry_brigade	1788072185	clton	Rot's Regex Sheet	wiblingen_monastery_library	9003's Sheet
33rd_keltan_infantry_brigade	1788072185	clton	Rot's Regex Sheet	wiblingen_monastery_library	9003's Sheet
34th_keltan_infantry_brigade	1788072185	clton	Rot's Regex Sheet	wiblingen_monastery_library	9003's Sheet
35th_keltan_infantry_brigade	1788072185	clton	Rot's Regex Sheet	wiblingen_monastery_library	9003's Sheet
36th_keltan_infantry_brigade	1788072185	clton	Rot's Regex Sheet	wiblingen_monastery_library	9003's Sheet
37th_keltan_infantry_brigade	1788072185	clton	Rot's Regex Sheet	wiblingen_monastery_library	9003's Sheet
38th_keltan_infantry_brigade	1788072185	clton	Rot's Regex Sheet	wiblingen_monastery_library	9003's Sheet
39th_keltan_infantry_brigade	1788072185	clton	Rot's Regex Sheet	wiblingen_monastery_library	9003's Sheet
3rd_keltan_infantry_brigade	1788072185	clton	Rot's Regex Sheet	wiblingen_monastery_library	9003's Sheet
3rd_keltan_intel_group	1788072185	clton	Rot's Regex Sheet	wiblingen_monastery_library	9003's Sheet
40th_keltan_infantry_brigade	1788072185	clton	Rot's Regex Sheet	wiblingen_monastery_library	9003's Sheet
41st_keltan_infantry_brigade	1788072185	clton	Rot's Regex Sheet	wiblingen_monastery_library	9003's Sheet
42nd_keltan_infantry_brigade	1788072185	clton	Rot's Regex Sheet	wiblingen_monastery_library	9003's Sheet
43rd_keltan_infantry_brigade	1788072185	clton	Rot's Regex Sheet	wiblingen_monastery_library	9003's Sheet
44th_keltan_infantry_brigade	1788072185	clton	Rot's Regex Sheet	wiblingen_monastery_library	9003's Sheet
45th_keltan_infantry_brigade	1788072185	clton	Rot's Regex Sheet	wiblingen_monastery_library	9003's Sheet
46th_keltan_infantry_brigade	1788072185	clton	Rot's Regex Sheet	wiblingen_monastery_library	9003's Sheet
47th_keltan_infantry_brigade	1788072185	clton	Rot's Regex Sheet	wiblingen_monastery_library	9003's Sheet
48th_keltan_infantry_brigade	1788072185	clton	Rot's Regex Sheet	wiblingen_monastery_library	9003's Sheet
49th_keltan_infantry_brigade	1788072185	clton	Rot's Regex Sheet	wiblingen_monastery_library	9003's Sheet
4th_keltan_infantry_brigade	1788072185	clton	Rot's Regex Sheet	wiblingen_monastery_library	9003's Sheet
4th_keltan_intel_group	1788072185	clton	Rot's Regex Sheet	wiblingen_monastery_library	9003's Sheet
50th_keltan_infantry_brigade	1788072185	clton	Rot's Regex Sheet	wiblingen_monastery_library	9003's Sheet
51st_keltan_infantry_brigade	1788072185	clton	Rot's Regex Sheet	wiblingen_monastery_library	9003's Sheet
52nd_keltan_infantry_brigade	1788072185	clton	Rot's Regex Sheet	wiblingen_monastery_library	9003's Sheet
53rd_keltan_infantry_brigade	1788072185	clton	Rot's Regex Sheet	wiblingen_monastery_library	9003's Sheet
54th_keltan_infantry_brigade	1788072185	clton	Rot's Regex Sheet	wiblingen_monastery_library	9003's Sheet
55th_keltan_infantry_brigade	1788072185	clton	Rot's Regex Sheet	wiblingen_monastery_library	9003's Sheet
56th_keltan_infantry_brigade	1788072185	clton	Rot's Regex Sheet	wiblingen_monastery_library	9003's Sheet
57th_keltan_infantry_brigade	1788072185	clton	Rot's Regex Sheet	wiblingen_monastery_library	9003's Sheet
58th_keltan_infantry_brigade	1788072185	clton	Rot's Regex Sheet	wiblingen_monastery_library	9003's Sheet
59th_keltan_infantry_brigade	1788072185	clton	Rot's Regex Sheet	wiblingen_monastery_library	9003's Sheet
5th_keltan_infantry_brigade	1788072185	clton	Rot's Regex Sheet	wiblingen_monastery_library	9003's Sheet
5th_keltan_intel_group	1788072185	clton	Rot's Regex Sheet	wiblingen_monastery_library	9003's Sheet
60th_keltan_infantry_brigade	1788072185	clton	Rot's Regex Sheet	wiblingen_monastery_library	9003's Sheet
61st_keltan_infantry_brigade	1788072185	clton	Rot's Regex Sheet	wiblingen_monastery_library	9003's Sheet
62nd_keltan_infantry_brigade	1788072185	clton	Rot's Regex Sheet	wiblingen_monastery_library	9003's Sheet
63rd_keltan_infantry_brigade	1788072185	clton	Rot's Regex Sheet	wiblingen_monastery_library	9003's Sheet
64th_keltan_infantry_brigade	1788072185	clton	Rot's Regex Sheet	wiblingen_monastery_library	9003's Sheet
65th_keltan_infantry_brigade	1788072185	clton	Rot's Regex Sheet	wiblingen_monastery_library	9003's Sheet
66th_keltan_infantry_brigade	1788072185	clton	Rot's Regex Sheet	wiblingen_monastery_library	9003's Sheet
67th_keltan_infantry_brigade	1788072185	clton	Rot's Regex Sheet	wiblingen_monastery_library	9003's Sheet
68th_keltan_infantry_brigade	1788072185	clton	Rot's Regex Sheet	wiblingen_monastery_library	9003's Sheet
69th_keltan_infantry_brigade	1788072185	clton	Rot's Regex Sheet	wiblingen_monastery_library	9003's Sheet
6th_keltan_infantry_brigade	1788072185	clton	Rot's Regex Sheet	wiblingen_monastery_library	9003's Sheet
70th_keltan_infantry_brigade	1788072185	clton	Rot's Regex Sheet	wiblingen_monastery_library	9003's Sheet
71st_keltan_infantry_brigade	1788072185	clton	Rot's Regex Sheet	wiblingen_monastery_library	9003's Sheet
72nd_keltan_infantry_brigade	1788072185	clton	Rot's Regex Sheet	wiblingen_monastery_library	9003's Sheet
73rd_keltan_infantry_brigade	1788072185	clton	Rot's Regex Sheet	wiblingen_monastery_library	9003's Sheet
74th_keltan_infantry_brigade	1788072185	clton	Rot's Regex Sheet	wiblingen_monastery_library	9003's Sheet
75th_keltan_infantry_brigade	1788072185	clton	Rot's Regex Sheet	wiblingen_monastery_library	9003's Sheet
76th_keltan_infantry_brigade	1788072185	clton	Rot's Regex Sheet	wiblingen_monastery_library	9003's Sheet
77th_keltan_infantry_brigade	1788072185	clton	Rot's Regex Sheet	wiblingen_monastery_library	9003's Sheet
78th_keltan_infantry_brigade	1788072185	clton	Rot's Regex Sheet	wiblingen_monastery_library	9003's Sheet
79th_keltan_infantry_brigade	1788072185	clton	Rot's Regex Sheet	wiblingen_monastery_library	9003's Sheet
7th_keltan_infantry_brigade	1788072185	clton	Rot's Regex Sheet	wiblingen_monastery_library	9003's Sheet
80th_keltan_infantry_brigade	1788072185	clton	Rot's Regex Sheet	wiblingen_monastery_library	9003's Sheet
81st_keltan_infantry_brigade	1788072185	clton	Rot's Regex Sheet	wiblingen_monastery_library	9003's Sheet
82nd_keltan_infantry_brigade	1788072185	clton	Rot's Regex Sheet	wiblingen_monastery_library	9003's Sheet
83rd_keltan_infantry_brigade	1788072185	clton	Rot's Regex Sheet	wiblingen_monastery_library	9003's Sheet
84th_keltan_infantry_brigade	1788072185	clton	Rot's Regex Sheet	wiblingen_monastery_library	9003's Sheet
85th_keltan_infantry_brigade	1788072185	clton	Rot's Regex Sheet	wiblingen_monastery_library	9003's Sheet
86th_keltan_infantry_brigade	1788072185	clton	Rot's Regex Sheet	wiblingen_monastery_library	9003's Sheet
87th_keltan_infantry_brigade	1788072185	clton	Rot's Regex Sheet	wiblingen_monastery_library	9003's Sheet
88th_keltan_infantry_brigade	1788072185	clton	Rot's Regex Sheet	wiblingen_monastery_library	9003's Sheet
89th_keltan_infantry_brigade	1788072185	clton	Rot's Regex Sheet	wiblingen_monastery_library	9003's Sheet
8th_keltan_infantry_brigade	1788072185	clton	Rot's Regex Sheet	wiblingen_monastery_library	9003's Sheet
90th_keltan_infantry_brigade	1788072185	clton	Rot's Regex Sheet	wiblingen_monastery_library	9003's Sheet
91st_keltan_infantry_brigade	1788072185	clton	Rot's Regex Sheet	wiblingen_monastery_library	9003's Sheet
92nd_keltan_infantry_brigade	1788072185	clton	Rot's Regex Sheet	wiblingen_monastery_library	9003's Sheet
93rd_keltan_infantry_brigade	1788072185	clton	Rot's Regex Sheet	wiblingen_monastery_library	9003's Sheet
94th_keltan_infantry_brigade	1788072185	clton	Rot's Regex Sheet	wiblingen_monastery_library	9003's Sheet
95th_keltan_infantry_brigade	1788072185	clton	Rot's Regex Sheet	wiblingen_monastery_library	9003's Sheet
96th_keltan_infantry_brigade	1788072185	clton	Rot's Regex Sheet	wiblingen_monastery_library	9003's Sheet
97th_keltan_infantry_brigade	1788072185	clton	Rot's Regex Sheet	wiblingen_monastery_library	9003's Sheet
98th_keltan_infantry_brigade	1788072185	clton	Rot's Regex Sheet	wiblingen_monastery_library	9003's Sheet
99th_keltan_infantry_brigade	1788072185	clton	Rot's Regex Sheet	wiblingen_monastery_library	9003's Sheet
9th_keltan_infantry_brigade	1788072185	clton	Rot's Regex Sheet	wiblingen_monastery_library	9003's Sheet
whos_amity-	1788072185	dr_hooves	9003's Sheet, Rot's Sheet	inven	9003's Sheet
while_down_below	1788448891	duxburian_union	9003's Sheet	entropan	Rot's Sheet
afzjhaniszlhan	1788072185	fauzjhia	9003's Sheet, Rot's Sheet	mikeswill	9003's Sheet
aicuazlheur	1788072185	fauzjhia	9003's Sheet, Rot's Sheet	mikeswill	9003's Sheet
aizcause	1788072185	fauzjhia	9003's Sheet, Rot's Sheet	mikeswill	9003's Sheet
aizjifhe	1788072185	fauzjhia	9003's Sheet, Rot's Sheet	mikeswill	9003's Sheet
aleznhajhne	1788072185	fauzjhia	9003's Sheet, Rot's Sheet	mikeswill	9003's Sheet
anzbhaure	1788072185	fauzjhia	9003's Sheet, Rot's Sheet	mikeswill	9003's Sheet
arjenzlhine	1788072185	fauzjhia	9003's Sheet, Rot's Sheet	mikeswill	9003's Sheet
auszlhrali	1788072185	fauzjhia	9003's Sheet, Rot's Sheet	mikeswill	9003's Sheet
azilhi	1788072185	fauzjhia	9003's Sheet, Rot's Sheet	mikeswill	9003's Sheet
bauzlirhi	1788072185	fauzjhia	9003's Sheet, Rot's Sheet	mikeswill	9003's Sheet
belzjice	1788072185	fauzjhia	9003's Sheet, Rot's Sheet	mikeswill	9003's Sheet
bhanznharc	1788072185	fauzjhia	9003's Sheet, Rot's Sheet	mikeswill	9003's Sheet
braizshil	1788072185	fauzjhia	9003's Sheet, Rot's Sheet	mikeswill	9003's Sheet
bulzjhari	1788072185	fauzjhia	9003's Sheet, Rot's Sheet	mikeswill	9003's Sheet
calhazlaune	1788072185	fauzjhia	9003's Sheet, Rot's Sheet	mikeswill	9003's Sheet
cashaczslhan	1788072185	fauzjhia	9003's Sheet, Rot's Sheet	mikeswill	9003's Sheet
cuzba	1788072185	fauzjhia	9003's Sheet, Rot's Sheet	mikeswill	9003's Sheet
esfhazjhne	1788072185	fauzjhia	9003's Sheet, Rot's Sheet	mikeswill	9003's Sheet
eszlhauni	1788072185	fauzjhia	9003's Sheet, Rot's Sheet	mikeswill	9003's Sheet
fhaurzlhujhal	1788072185	fauzjhia	9003's Sheet, Rot's Sheet	mikeswill	9003's Sheet
fhauzlanbhe	1788072185	fauzjhia	9003's Sheet, Rot's Sheet	mikeswill	9003's Sheet
finzlanbhe	1788072185	fauzjhia	9003's Sheet, Rot's Sheet	mikeswill	9003's Sheet
franzse	1788072185	fauzjhia	9003's Sheet, Rot's Sheet	mikeswill	9003's Sheet
ilhazli	1788072185	fauzjhia	9003's Sheet, Rot's Sheet	mikeswill	9003's Sheet
isezlanbhe	1788072185	fauzjhia	9003's Sheet, Rot's Sheet	mikeswill	9003's Sheet
jazfhaun	1788072185	fauzjhia	9003's Sheet, Rot's Sheet	mikeswill	9003's Sheet
jhreizse	1788072185	fauzjhia	9003's Sheet, Rot's Sheet	mikeswill	9003's Sheet
laizlhauni	1788072185	fauzjhia	9003's Sheet, Rot's Sheet	mikeswill	9003's Sheet
lhurzci	1788072185	fauzjhia	9003's Sheet, Rot's Sheet	mikeswill	9003's Sheet
lhuznishi	1788072185	fauzjhia	9003's Sheet, Rot's Sheet	mikeswill	9003's Sheet
lhuzrhalu	1788072185	fauzjhia	9003's Sheet, Rot's Sheet	mikeswill	9003's Sheet
naurzrheije	1788072185	fauzjhia	9003's Sheet, Rot's Sheet	mikeswill	9003's Sheet
nhazrauc	1788072185	fauzjhia	9003's Sheet, Rot's Sheet	mikeswill	9003's Sheet
nheczsic	1788072185	fauzjhia	9003's Sheet, Rot's Sheet	mikeswill	9003's Sheet
nuurhel_shaizlanbhe	1788072185	fauzjhia	9003's Sheet, Rot's Sheet	mikeswill	9003's Sheet
rhainaizshuela	1788072185	fauzjhia	9003's Sheet, Rot's Sheet	mikeswill	9003's Sheet
ruszsi	1788072185	fauzjhia	9003's Sheet, Rot's Sheet	mikeswill	9003's Sheet
ruuznhani	1788072185	fauzjhia	9003's Sheet, Rot's Sheet	mikeswill	9003's Sheet
serzbi	1788072185	fauzjhia	9003's Sheet, Rot's Sheet	mikeswill	9003's Sheet
slauzrhacie	1788072185	fauzjhia	9003's Sheet, Rot's Sheet	mikeswill	9003's Sheet
slauzrhaini	1788072185	fauzjhia	9003's Sheet, Rot's Sheet	mikeswill	9003's Sheet
suizse	1788072185	fauzjhia	9003's Sheet, Rot's Sheet	mikeswill	9003's Sheet
suzeibhe	1788072185	fauzjhia	9003's Sheet, Rot's Sheet	mikeswill	9003's Sheet
uruzjhuai	1788072185	fauzjhia	9003's Sheet, Rot's Sheet	mikeswill	9003's Sheet
uzcreine	1788072185	fauzjhia	9003's Sheet, Rot's Sheet	mikeswill	9003's Sheet
maztetrua	1788072185	maztetrua	9003's Sheet	the_tampa_bay_rays	9003's Sheet, Rot's Sheet
nova_mediolanum	1788072185	merethin	9003's Sheet	phaistenion	9003's Sheet
project_palisade	1788072185	new_makasta	9003's Sheet, Rot's Sheet	varanius	9003's Sheet, Rot's Sheet
shima_enaga	1788072185	sakureille	9003's Sheet	sakurielle	9003's Sheet, Rot's Sheet
valdenstadt	1788072185	sakureille	9003's Sheet	sakurielle	9003's Sheet, Rot's Sheet
